/*!40101 SET @OLD_CHARACTER_SET_CLIENT=@@CHARACTER_SET_CLIENT */;
/*!40101 SET NAMES utf8 */;
/*!50503 SET NAMES utf8mb4 */;
/*!40103 SET @OLD_TIME_ZONE=@@TIME_ZONE */;
/*!40103 SET TIME_ZONE='+00:00' */;
/*!40014 SET @OLD_FOREIGN_KEY_CHECKS=@@FOREIGN_KEY_CHECKS, FOREIGN_KEY_CHECKS=0 */;
/*!40101 SET @OLD_SQL_MODE=@@SQL_MODE, SQL_MODE='NO_AUTO_VALUE_ON_ZERO' */;
/*!40111 SET @OLD_SQL_NOTES=@@SQL_NOTES, SQL_NOTES=0 */;

DROP TABLE IF EXISTS `characters`;
CREATE TABLE IF NOT EXISTS `characters` (
  `id` int(10) unsigned NOT NULL AUTO_INCREMENT,
  `name` char(50) DEFAULT NULL,
  PRIMARY KEY (`id`)
) ENGINE=InnoDB DEFAULT CHARSET=utf8mb4 COLLATE=utf8mb4_general_ci;

REPLACE INTO `characters` (`id`, `name`) VALUES
	(1, 'Abraão, pai de Isaque'),
	(2, 'Agar, concumbina de Abraão'),
	(3, 'Eva, primeira mulher'),
	(4, 'Samuel, Profeta'),
	(5, 'Ana, esposa de Elcana'),
	(6, 'Elcana, marido de Ana'),
	(7, 'Davi, Rei'),
	(8, 'Absalão, filho de Davi'),
	(9, 'Daniel / Beltessazar'),
	(10, 'Misael / Mesaque'),
	(11, 'Miguel, Arcanjo'),
	(12, 'Gabriel, Anjo'),
	(13, 'Paulo, Apóstolo'),
	(14, 'Adão, primeiro homem'),
	(15, 'Golias, o Filisteu'),
	(16, 'Sara, esposa de Abraão'),
	(17, 'Moisés, Líder de Israel'),
	(18, 'Mefibosete, filho de Jonatã'),
	(19, 'Jonas, Profeta'),
	(20, 'Sansão, Juíz'),
	(21, 'Jael, esposa de Héber'),
	(22, 'Débora, Profetisa'),
	(23, 'Noé, Profeta'),
	(24, 'Sem, filho de Noé'),
	(25, 'Cã, filho de Noé'),
	(26, 'Jafé, filho de Noé'),
	(27, 'Metusalém, filho de Enoque'),
	(28, 'José, filho de Jacó'),
	(29, 'José, pai de Jesus'),
	(30, 'Maria, mãe de Jesus'),
	(31, 'Maria Madalena'),
	(32, 'Lázaro, amigo de Jesus'),
	(33, 'Marta, irmã de Lázaro'),
	(34, 'Maria, irmã de Lázaro'),
	(35, 'Esaú / Edom'),
	(36, 'Jacó / Israel'),
	(37, 'Gideão, Juíz'),
	(38, 'Herodes Ântipas, Governador'),
	(39, 'Corá, Levita'),
	(40, 'Salomão, Rei'),
	(41, 'Roboão, rei'),
	(42, 'Jeroboão, Rei'),
	(43, 'Acabe, Rei'),
	(44, 'Jezabel, Rainha'),
	(45, 'Dorcas / Tabita'),
	(46, 'Pedro, Apóstolo'),
	(47, 'João, Apóstolo'),
	(48, 'Judas Iscariotes, Apóstolo'),
	(49, 'Dalila de Sansão'),
	(50, 'Saul, Rei'),
	(51, 'Zacarias, pai de João Batista'),
	(52, 'João Batista'),
	(53, 'Barnabé, amigo de Paulo'),
	(54, 'Lucas, discípulo'),
	(55, 'Sulamita, Camponesa'),
	(57, 'Josias, Rei'),
	(58, 'Manassés, filho de José'),
	(59, 'Jefté, Juiz'),
	(60, 'Rubem, filho de Jacó'),
	(61, 'Simeão, filho de Jacó'),
	(62, 'Levi, filho de Jacó'),
	(63, 'Judá, filho de Jacó'),
	(64, 'Dã, filho de Jacó'),
	(65, 'Naftali, filho de Jacó'),
	(66, 'Gade, filho de Jacó'),
	(67, 'Aser, filho de Jacó'),
	(68, 'Issacar, filho de Jacó'),
	(69, 'Zebulão, filho de Jacó'),
	(70, 'Benjamim, filho de Jacó'),
	(71, 'Sangar, Juíz'),
	(72, 'Tola, Juíz'),
	(73, 'Ezequiel, Profeta'),
	(74, 'Judas Tadeu, Apóstolo'),
	(75, 'Mateus, Apóstolo'),
	(76, 'Tomé, Apóstolo'),
	(77, 'Natanael, Apóstolo'),
	(78, 'André, Apóstolo'),
	(79, 'Matias, Apóstolo'),
	(80, 'Raquel, esposa de jacó'),
	(81, 'Léia, esposa de Jacó'),
	(82, 'Raabe, de Jericó'),
	(83, 'Calebe, amigo de Josué'),
	(84, 'Arão, irmão de Moisés'),
	(85, 'Miriã irmã de Moisés'),
	(86, 'Hulda, Profetisa'),
	(87, 'Balaão, falso Profeta'),
	(88, 'Isaías, Profeta'),
	(89, 'Caim, filho de Adão'),
	(90, 'Abel, filho de Adão'),
	(91, 'Hananias / Sadraque'),
	(92, 'Azarias / Abednego'),
	(93, 'Efraim, filho de José'),
	(94, 'Enoque, Profeta'),
	(95, 'Elias, Profeta'),
	(96, 'Eliseu, Profeta'),
	(97, 'Ló, Sobrinho de Abraão'),
	(98, 'Jó, da terra de Uz'),
	(99, 'Josué, Líder de Israel'),
	(103, 'Rute, amiga de Noemi'),
	(104, 'Noemi, amiga de Rute'),
	(106, 'Nabucodonosor, Rei de Babilônia');

DROP TABLE IF EXISTS `character_question`;
CREATE TABLE IF NOT EXISTS `character_question` (
  `question_id` int(10) unsigned NOT NULL,
  `character_id` int(10) unsigned NOT NULL,
  PRIMARY KEY (`character_id`,`question_id`),
  KEY `FK_Q_CHAR` (`question_id`),
  KEY `FK_CHAR_Q` (`character_id`),
  CONSTRAINT `FK_CHAR_Q` FOREIGN KEY (`character_id`) REFERENCES `characters` (`id`) ON DELETE CASCADE ON UPDATE CASCADE,
  CONSTRAINT `FK_Q_CHAR` FOREIGN KEY (`question_id`) REFERENCES `questions` (`id`) ON DELETE CASCADE ON UPDATE CASCADE
) ENGINE=InnoDB DEFAULT CHARSET=utf8mb4 COLLATE=utf8mb4_general_ci;

REPLACE INTO `character_question` (`question_id`, `character_id`) VALUES
	(1, 1),
	(2, 1),
	(4, 1),
	(6, 1),
	(8, 1),
	(10, 1),
	(28, 1),
	(37, 1),
	(1, 2),
	(6, 2),
	(8, 2),
	(9, 2),
	(22, 2),
	(37, 2),
	(1, 3),
	(4, 3),
	(6, 3),
	(8, 3),
	(11, 3),
	(23, 3),
	(29, 3),
	(35, 3),
	(1, 4),
	(4, 4),
	(6, 4),
	(7, 4),
	(1, 5),
	(4, 5),
	(6, 5),
	(38, 5),
	(1, 6),
	(4, 6),
	(6, 6),
	(24, 6),
	(38, 6),
	(1, 7),
	(3, 7),
	(4, 7),
	(6, 7),
	(9, 7),
	(10, 7),
	(12, 7),
	(25, 7),
	(27, 7),
	(39, 7),
	(4, 8),
	(6, 8),
	(11, 8),
	(12, 8),
	(23, 8),
	(39, 8),
	(1, 9),
	(7, 9),
	(8, 9),
	(9, 9),
	(25, 9),
	(26, 9),
	(28, 9),
	(39, 9),
	(40, 9),
	(1, 10),
	(8, 10),
	(9, 10),
	(39, 10),
	(40, 10),
	(1, 11),
	(8, 11),
	(1, 12),
	(8, 12),
	(10, 12),
	(24, 12),
	(1, 13),
	(3, 13),
	(8, 13),
	(1, 14),
	(4, 14),
	(6, 14),
	(8, 14),
	(11, 14),
	(23, 14),
	(35, 14),
	(36, 14),
	(23, 15),
	(24, 15),
	(39, 15),
	(1, 16),
	(4, 16),
	(6, 16),
	(8, 16),
	(1, 17),
	(3, 17),
	(4, 17),
	(6, 17),
	(7, 17),
	(8, 17),
	(9, 17),
	(10, 17),
	(1, 19),
	(3, 19),
	(7, 19),
	(8, 19),
	(9, 19),
	(25, 19),
	(26, 19),
	(39, 19),
	(1, 20),
	(3, 20),
	(4, 20),
	(8, 20),
	(9, 20),
	(10, 20),
	(4, 21),
	(6, 21),
	(10, 21),
	(24, 21),
	(38, 21),
	(1, 22),
	(7, 22),
	(10, 22),
	(38, 22),
	(1, 23),
	(2, 23),
	(4, 23),
	(6, 23),
	(7, 23),
	(8, 23),
	(9, 23),
	(36, 23),
	(37, 23),
	(1, 24),
	(2, 24),
	(4, 24),
	(6, 24),
	(36, 24),
	(37, 24),
	(1, 25),
	(2, 25),
	(4, 25),
	(6, 25),
	(9, 25),
	(22, 25),
	(24, 25),
	(36, 25),
	(37, 25),
	(1, 26),
	(2, 26),
	(4, 26),
	(6, 26),
	(9, 26),
	(22, 26),
	(24, 26),
	(36, 26),
	(37, 26),
	(6, 27),
	(1, 28),
	(4, 28),
	(6, 28),
	(9, 28),
	(27, 28),
	(37, 28),
	(1, 29),
	(4, 29),
	(6, 29),
	(8, 29),
	(9, 29),
	(18, 29),
	(22, 29),
	(40, 29),
	(1, 30),
	(4, 30),
	(1, 31),
	(8, 31),
	(1, 32),
	(1, 33),
	(1, 34),
	(2, 35),
	(4, 35),
	(6, 35),
	(11, 35),
	(37, 35),
	(1, 36),
	(2, 36),
	(4, 36),
	(6, 36),
	(8, 36),
	(9, 36),
	(22, 36),
	(28, 36),
	(37, 36),
	(1, 37),
	(4, 37),
	(8, 37),
	(10, 37),
	(13, 37),
	(38, 37),
	(1, 38),
	(4, 38),
	(6, 38),
	(11, 38),
	(12, 38),
	(18, 38),
	(23, 38),
	(24, 38),
	(40, 38),
	(1, 39),
	(4, 39),
	(6, 39),
	(10, 39),
	(11, 39),
	(23, 39),
	(35, 39),
	(37, 39),
	(1, 40),
	(4, 40),
	(6, 40),
	(8, 40),
	(4, 41),
	(6, 41),
	(4, 42),
	(6, 42),
	(9, 42),
	(11, 42),
	(12, 42),
	(23, 42),
	(39, 42),
	(1, 43),
	(4, 43),
	(6, 43),
	(10, 43),
	(11, 43),
	(12, 43),
	(23, 43),
	(39, 43),
	(4, 44),
	(6, 44),
	(11, 44),
	(12, 44),
	(23, 44),
	(39, 44),
	(1, 45),
	(4, 45),
	(6, 45),
	(19, 45),
	(24, 45),
	(40, 45),
	(1, 46),
	(3, 46),
	(4, 46),
	(8, 46),
	(1, 47),
	(8, 47),
	(9, 47),
	(14, 47),
	(18, 47),
	(19, 47),
	(25, 47),
	(26, 47),
	(28, 47),
	(40, 47),
	(1, 48),
	(11, 48),
	(14, 48),
	(18, 48),
	(19, 48),
	(23, 48),
	(35, 48),
	(40, 48),
	(1, 49),
	(11, 49),
	(23, 49),
	(38, 49),
	(4, 50),
	(6, 50),
	(10, 50),
	(1, 51),
	(4, 51),
	(6, 51),
	(8, 51),
	(1, 52),
	(8, 52),
	(17, 52),
	(18, 52),
	(40, 52),
	(1, 53),
	(15, 53),
	(24, 53),
	(40, 53),
	(1, 54),
	(8, 54),
	(4, 55),
	(4, 57),
	(6, 57),
	(10, 57),
	(12, 57),
	(39, 57),
	(1, 58),
	(2, 58),
	(4, 58),
	(6, 58),
	(1, 59),
	(4, 59),
	(6, 59),
	(8, 59),
	(10, 59),
	(13, 59),
	(38, 59),
	(2, 60),
	(3, 60),
	(4, 60),
	(6, 60),
	(22, 60),
	(2, 61),
	(3, 61),
	(4, 61),
	(6, 61),
	(22, 61),
	(2, 62),
	(3, 62),
	(4, 62),
	(6, 62),
	(22, 62),
	(2, 63),
	(3, 63),
	(4, 63),
	(6, 63),
	(11, 63),
	(21, 63),
	(22, 63),
	(37, 63),
	(2, 64),
	(3, 64),
	(4, 64),
	(6, 64),
	(21, 64),
	(22, 64),
	(24, 64),
	(37, 64),
	(2, 65),
	(3, 65),
	(4, 65),
	(6, 65),
	(22, 65),
	(2, 66),
	(3, 66),
	(4, 66),
	(6, 66),
	(21, 66),
	(22, 66),
	(24, 66),
	(37, 66),
	(2, 67),
	(3, 67),
	(4, 67),
	(6, 67),
	(11, 67),
	(21, 67),
	(22, 67),
	(24, 67),
	(37, 67),
	(2, 68),
	(3, 68),
	(4, 68),
	(6, 68),
	(21, 68),
	(22, 68),
	(37, 68),
	(2, 69),
	(3, 69),
	(4, 69),
	(6, 69),
	(22, 69),
	(2, 70),
	(4, 70),
	(6, 70),
	(21, 70),
	(22, 70),
	(24, 70),
	(37, 70),
	(1, 71),
	(10, 71),
	(10, 72),
	(1, 73),
	(4, 73),
	(7, 73),
	(8, 73),
	(25, 73),
	(26, 73),
	(39, 73),
	(40, 73),
	(1, 74),
	(8, 74),
	(14, 74),
	(18, 74),
	(19, 74),
	(24, 74),
	(40, 74),
	(1, 75),
	(8, 75),
	(14, 75),
	(8, 76),
	(1, 77),
	(8, 77),
	(1, 78),
	(8, 78),
	(14, 78),
	(18, 78),
	(19, 78),
	(24, 78),
	(40, 78),
	(1, 79),
	(8, 79),
	(14, 79),
	(4, 80),
	(6, 80),
	(22, 80),
	(4, 81),
	(6, 81),
	(22, 81),
	(1, 82),
	(4, 82),
	(9, 82),
	(1, 83),
	(4, 83),
	(6, 83),
	(9, 83),
	(10, 83),
	(22, 83),
	(28, 83),
	(37, 83),
	(1, 84),
	(3, 84),
	(4, 84),
	(6, 84),
	(9, 84),
	(10, 84),
	(16, 84),
	(22, 84),
	(37, 84),
	(1, 85),
	(3, 85),
	(4, 85),
	(6, 85),
	(9, 85),
	(1, 86),
	(7, 86),
	(24, 86),
	(39, 86),
	(1, 87),
	(7, 87),
	(8, 87),
	(11, 87),
	(23, 87),
	(29, 87),
	(1, 88),
	(4, 88),
	(6, 88),
	(7, 88),
	(8, 88),
	(25, 88),
	(26, 88),
	(39, 88),
	(1, 89),
	(4, 89),
	(6, 89),
	(8, 89),
	(11, 89),
	(23, 89),
	(35, 89),
	(36, 89),
	(1, 90),
	(8, 90),
	(36, 90),
	(1, 91),
	(8, 91),
	(9, 91),
	(24, 91),
	(39, 91),
	(40, 91),
	(1, 92),
	(8, 92),
	(9, 92),
	(39, 92),
	(40, 92),
	(1, 93),
	(2, 93),
	(4, 93),
	(6, 93),
	(21, 93),
	(24, 93),
	(37, 93),
	(1, 94),
	(7, 94),
	(24, 94),
	(36, 94),
	(1, 95),
	(7, 95),
	(8, 95),
	(9, 95),
	(10, 95),
	(19, 95),
	(28, 95),
	(39, 95),
	(1, 96),
	(7, 96),
	(8, 96),
	(9, 96),
	(10, 96),
	(19, 96),
	(22, 96),
	(28, 96),
	(39, 96),
	(1, 97),
	(4, 97),
	(6, 97),
	(8, 97),
	(1, 98),
	(4, 98),
	(6, 98),
	(8, 98),
	(9, 98),
	(26, 98),
	(37, 98),
	(1, 99),
	(4, 99),
	(6, 99),
	(9, 99),
	(10, 99),
	(22, 99),
	(25, 99),
	(26, 99),
	(28, 99),
	(38, 99),
	(4, 103),
	(6, 103),
	(4, 104),
	(6, 104);

DROP TABLE IF EXISTS `config`;
CREATE TABLE IF NOT EXISTS `config` (
  `field` char(50) NOT NULL,
  `value` varchar(500) DEFAULT NULL,
  PRIMARY KEY (`field`) USING BTREE
) ENGINE=InnoDB DEFAULT CHARSET=utf8mb4 COLLATE=utf8mb4_general_ci;

REPLACE INTO `config` (`field`, `value`) VALUES
	('api', 'YW5jaWVudDo0bkMxM250ITIwMjQ');

DROP TABLE IF EXISTS `gamers`;
CREATE TABLE IF NOT EXISTS `gamers` (
  `id` int(10) unsigned NOT NULL AUTO_INCREMENT,
  `name` char(50) DEFAULT NULL,
  `points` int(10) unsigned DEFAULT 0,
  `room_code` char(6) DEFAULT NULL,
  `finished` tinyint(1) unsigned DEFAULT 0,
  PRIMARY KEY (`id`),
  KEY `FK_ROOM` (`room_code`),
  CONSTRAINT `FK_ROOM` FOREIGN KEY (`room_code`) REFERENCES `rooms` (`code`) ON DELETE CASCADE ON UPDATE CASCADE
) ENGINE=InnoDB DEFAULT CHARSET=utf8mb4 COLLATE=utf8mb4_general_ci;

REPLACE INTO `gamers` (`id`, `name`, `points`, `room_code`, `finished`) VALUES
	(1, 'szagot', 0, 'D6B180', 0),
	(2, 'alini', 0, 'D6B180', 0),
	(3, 'daniel', 0, 'D6B180', 0),
	(4, 'filipe', 0, 'D6B180', 0),
	(9, 'alejandro', 0, 'D6B180', 0),
	(10, 'sara', 0, 'D6B180', 0);

DROP TABLE IF EXISTS `questions`;
CREATE TABLE IF NOT EXISTS `questions` (
  `id` int(10) unsigned NOT NULL AUTO_INCREMENT,
  `question` varchar(500) DEFAULT NULL,
  PRIMARY KEY (`id`)
) ENGINE=InnoDB DEFAULT CHARSET=utf8mb4 COLLATE=utf8mb4_general_ci;

REPLACE INTO `questions` (`id`, `question`) VALUES
	(1, 'Viu algum milagre?'),
	(2, 'Foi um Patriarca?'),
	(3, 'Cometeu um pecado grave mas se arrependeu e mudou?'),
	(4, 'Casou?'),
	(6, 'Tinha algum filho ou filha?'),
	(7, 'Foi profeta ou profetisa?'),
	(8, 'Falou com um anjo?'),
	(9, 'Correu risco de morte e sobreviveu?'),
	(10, 'Lutou contra os inimigos de Jeová?'),
	(11, 'Foi um traidor?'),
	(12, 'Foi um rei ou rainha?'),
	(13, 'Foi um dos 12 Juízes?'),
	(14, 'Foi um dos 12 Apóstolos?'),
	(15, 'Foi missionário?'),
	(16, 'Foi Sacerdote ou Sumo Sacerdote?'),
	(17, 'Foi Nazireu?'),
	(18, 'Conheceu Jesus pessoalmente?'),
	(19, 'Presenciou uma das 9 ressurreições?'),
	(20, 'Tinha algum problema físico ou doença crônica?'),
	(21, 'Seu nome se tornou uma das tribos de Israel?'),
	(22, 'Largou tudo para salvar a vida ou para sair de uma situação difícil?'),
	(23, 'Até onde se sabe morreu como inimigo ou inimiga de Jeová?'),
	(24, 'A Bíblia fala pouco sobre essa pessoa?'),
	(25, 'Escreveu algum livro da Bíblia?'),
	(26, 'Tem algum livro da Bíblia com seu nome?'),
	(27, 'Contou alguma mentira que não foi considerada errada?'),
	(28, 'Fez algo impressionante mesmo sendo de idade avançada?'),
	(29, 'Dialogou com um animal?'),
	(35, 'A Bíblia deixa claro que essa pessoa não será ressuscitada?'),
	(36, 'Viveu no período antes do dilúvio (antes de 2.370 AC)?'),
	(37, 'Viveu após o dilúvio mas antes de haver Juízes em Israel (entre 2.370 AC e 1.473 AC)?'),
	(38, 'Viveu no período dos Juízes de Israel? (após a entrada na Terra Prometida, entre 1.473 AC e 1.117 AC)'),
	(39, 'Viveu no período dos Reis de Israel? (entre 1.117 AC e 607 AC)'),
	(40, 'Viveu após a queda de Jerusalém por Nabucodonosor, Rei de Babilônia? (após 607 AC)');

DROP TABLE IF EXISTS `rooms`;
CREATE TABLE IF NOT EXISTS `rooms` (
  `code` char(6) NOT NULL,
  `fase` tinyint(1) unsigned NOT NULL DEFAULT 0,
  `secret_character_id` int(10) unsigned DEFAULT NULL,
  `out_gamer_id` int(10) unsigned DEFAULT NULL,
  `qt_rounds` int(10) unsigned DEFAULT 0,
  `created_at` timestamp NOT NULL DEFAULT current_timestamp(),
  PRIMARY KEY (`code`),
  KEY `FK_SECRET` (`secret_character_id`),
  KEY `FK_OUT_OF_LOOP` (`out_gamer_id`),
  CONSTRAINT `FK_OUT_OF_LOOP` FOREIGN KEY (`out_gamer_id`) REFERENCES `gamers` (`id`) ON DELETE SET NULL ON UPDATE CASCADE,
  CONSTRAINT `FK_SECRET` FOREIGN KEY (`secret_character_id`) REFERENCES `characters` (`id`) ON DELETE SET NULL ON UPDATE CASCADE
) ENGINE=InnoDB DEFAULT CHARSET=utf8mb4 COLLATE=utf8mb4_general_ci;

REPLACE INTO `rooms` (`code`, `fase`, `secret_character_id`, `out_gamer_id`, `qt_rounds`, `created_at`) VALUES
	('D6B180', 2, 88, 10, 0, '2024-07-05 15:18:54');

DROP TABLE IF EXISTS `views`;
CREATE TABLE IF NOT EXISTS `views` (
  `room_code` char(6) NOT NULL,
  `gamer_id` int(10) unsigned NOT NULL,
  `qt` tinyint(1) DEFAULT 0,
  PRIMARY KEY (`room_code`,`gamer_id`),
  KEY `FK_GAMER_VIEWS` (`gamer_id`),
  KEY `FK_ROOM_VIEWS` (`room_code`),
  CONSTRAINT `FK_GAMER_VIEWS` FOREIGN KEY (`gamer_id`) REFERENCES `gamers` (`id`) ON DELETE CASCADE ON UPDATE CASCADE,
  CONSTRAINT `FK_ROOM_VIEWS` FOREIGN KEY (`room_code`) REFERENCES `rooms` (`code`) ON DELETE CASCADE ON UPDATE CASCADE
) ENGINE=InnoDB DEFAULT CHARSET=utf8mb4 COLLATE=utf8mb4_general_ci;


/*!40103 SET TIME_ZONE=IFNULL(@OLD_TIME_ZONE, 'system') */;
/*!40101 SET SQL_MODE=IFNULL(@OLD_SQL_MODE, '') */;
/*!40014 SET FOREIGN_KEY_CHECKS=IFNULL(@OLD_FOREIGN_KEY_CHECKS, 1) */;
/*!40101 SET CHARACTER_SET_CLIENT=@OLD_CHARACTER_SET_CLIENT */;
/*!40111 SET SQL_NOTES=IFNULL(@OLD_SQL_NOTES, 1) */;
