[{"id":"1","name":"Abra\u00e3o"},{"id":"3","name":"Agar"},{"id":"5","name":"Eva"},{"id":"6","name":"Samuel"},{"id":"7","name":"Ana"},{"id":"8","name":"Elcana"},{"id":"9","name":"Davi"},{"id":"10","name":"Absal\u00e3o"},{"id":"11","name":"Daniel"},{"id":"12","name":"Misael"},{"id":"15","name":"Miguel"},{"id":"16","name":"Gabriel"},{"id":"17","name":"Paulo"},{"id":"18","name":"Ad\u00e3o"},{"id":"19","name":"Golias"},{"id":"20","name":"Azarias"},{"id":"21","name":"Sara"},{"id":"22","name":"Mois\u00e9s"},{"id":"23","name":"Mefibosete"},{"id":"24","name":"Jonas"},{"id":"25","name":"Sans\u00e3o"},{"id":"26","name":"Jael"},{"id":"27","name":"D\u00e9bora"},{"id":"28","name":"No\u00e9"},{"id":"29","name":"Sem"},{"id":"30","name":"C\u00e3"},{"id":"31","name":"Jaf\u00e9"},{"id":"32","name":"Metusal\u00e9m"},{"id":"33","name":"Jos\u00e9 do Egito"},{"id":"34","name":"Jos\u00e9 pai de Jesus"},{"id":"35","name":"Maria m\u00e3e de Jesus"},{"id":"36","name":"Maria Madalena"},{"id":"37","name":"L\u00e1zaro"},{"id":"38","name":"Marta irm\u00e3 de L\u00e1zaro"},{"id":"39","name":"Maria irm\u00e3 de L\u00e1zaro"},{"id":"40","name":"Esa\u00fa \/ Edom"},{"id":"41","name":"Jac\u00f3 \/ Israel"},{"id":"42","name":"Gide\u00e3o"},{"id":"43","name":"Herodes \u00c2ntipas"},{"id":"44","name":"Cor\u00e1"},{"id":"45","name":"Salom\u00e3o"},{"id":"46","name":"Robo\u00e3o"},{"id":"47","name":"Jerobo\u00e3o"},{"id":"48","name":"Acabe"},{"id":"49","name":"Jezabel"},{"id":"50","name":"Dorcas"},{"id":"51","name":"Pedro"},{"id":"52","name":"Jo\u00e3o Ap\u00f3stolo"},{"id":"54","name":"Judas Iscariotes"},{"id":"55","name":"Dalila"},{"id":"56","name":"Saul"},{"id":"57","name":"Zacarias"},{"id":"58","name":"Jo\u00e3o Batista"},{"id":"59","name":"Barnab\u00e9"},{"id":"60","name":"Lucas"},{"id":"61","name":"Sulamita"},{"id":"62","name":"Jo\u00e1s"},{"id":"63","name":"Josias"},{"id":"64","name":"Manass\u00e9s"},{"id":"65","name":"Jeft\u00e9"},{"id":"66","name":"Rubem"},{"id":"67","name":"Sime\u00e3o"},{"id":"68","name":"Levi"},{"id":"69","name":"Jud\u00e1"},{"id":"70","name":"D\u00e3"},{"id":"71","name":"Naftali"},{"id":"72","name":"Gade"},{"id":"73","name":"Aser"},{"id":"74","name":"Issacar"},{"id":"75","name":"Zebul\u00e3o"},{"id":"76","name":"Benjamim"},{"id":"77","name":"Sangar"},{"id":"78","name":"Tola"},{"id":"79","name":"Ezequiel"},{"id":"80","name":"Judas Tadeu"},{"id":"81","name":"Sim\u00e3o"},{"id":"82","name":"Mateus"},{"id":"83","name":"Tom\u00e9"},{"id":"84","name":"Natanael"},{"id":"85","name":"Andr\u00e9"},{"id":"86","name":"Matias"},{"id":"87","name":"Raquel"},{"id":"88","name":"L\u00e9ia"},{"id":"89","name":"Raabe"},{"id":"90","name":"Calebe"}]