[{"id":"4","question":"Mudou de cidade ou de pa\u00eds?","people":[{"id":"1","name":"Abra\u00e3o"},{"id":"3","name":"Agar"},{"id":"12","name":"Misael"},{"id":"6","name":"Samuel"},{"id":"21","name":"Sara"},{"id":"11","name":"Daniel"},{"id":"22","name":"Mois\u00e9s"},{"id":"20","name":"Azarias"},{"id":"59","name":"Barnab\u00e9"},{"id":"44","name":"Cor\u00e1"},{"id":"30","name":"C\u00e3"},{"id":"9","name":"Davi"},{"id":"41","name":"Jac\u00f3 \/ Israel"},{"id":"31","name":"Jaf\u00e9"},{"id":"24","name":"Jonas"},{"id":"33","name":"Jos\u00e9 do Egito"},{"id":"35","name":"Maria m\u00e3e de Jesus"},{"id":"28","name":"No\u00e9"},{"id":"17","name":"Paulo"},{"id":"25","name":"Sans\u00e3o"},{"id":"29","name":"Sem"}]},{"id":"5","question":"Foi um Patriarca?","people":[{"id":"1","name":"Abra\u00e3o"},{"id":"18","name":"Ad\u00e3o"},{"id":"22","name":"Mois\u00e9s"},{"id":"30","name":"C\u00e3"},{"id":"40","name":"Esa\u00fa \/ Edom"},{"id":"41","name":"Jac\u00f3 \/ Israel"},{"id":"31","name":"Jaf\u00e9"},{"id":"33","name":"Jos\u00e9 do Egito"},{"id":"28","name":"No\u00e9"},{"id":"29","name":"Sem"}]},{"id":"6","question":"Cometeu um pecado grave, mas se arrependeu e mudou?","people":[{"id":"5","name":"Eva"},{"id":"18","name":"Ad\u00e3o"},{"id":"10","name":"Absal\u00e3o"},{"id":"9","name":"Davi"},{"id":"48","name":"Acabe"},{"id":"44","name":"Cor\u00e1"},{"id":"30","name":"C\u00e3"},{"id":"40","name":"Esa\u00fa \/ Edom"},{"id":"43","name":"Herodes \u00c2ntipas"},{"id":"47","name":"Jerobo\u00e3o"},{"id":"49","name":"Jezabel"},{"id":"54","name":"Judas Iscariotes"},{"id":"64","name":"Manass\u00e9s"},{"id":"22","name":"Mois\u00e9s"},{"id":"51","name":"Pedro"},{"id":"46","name":"Robo\u00e3o"},{"id":"45","name":"Salom\u00e3o"},{"id":"25","name":"Sans\u00e3o"},{"id":"56","name":"Saul"}]},{"id":"7","question":"Casou?","people":[{"id":"1","name":"Abra\u00e3o"},{"id":"10","name":"Absal\u00e3o"},{"id":"18","name":"Ad\u00e3o"},{"id":"3","name":"Agar"},{"id":"7","name":"Ana"},{"id":"20","name":"Azarias"},{"id":"11","name":"Daniel"},{"id":"9","name":"Davi"},{"id":"8","name":"Elcana"},{"id":"5","name":"Eva"},{"id":"6","name":"Samuel"},{"id":"21","name":"Sara"},{"id":"22","name":"Mois\u00e9s"},{"id":"23","name":"Mefibosete"},{"id":"48","name":"Acabe"},{"id":"59","name":"Barnab\u00e9"},{"id":"44","name":"Cor\u00e1"},{"id":"30","name":"C\u00e3"},{"id":"40","name":"Esa\u00fa \/ Edom"},{"id":"42","name":"Gide\u00e3o"},{"id":"43","name":"Herodes \u00c2ntipas"},{"id":"41","name":"Jac\u00f3 \/ Israel"},{"id":"31","name":"Jaf\u00e9"},{"id":"49","name":"Jezabel"},{"id":"47","name":"Jerobo\u00e3o"},{"id":"63","name":"Josias"},{"id":"33","name":"Jos\u00e9 do Egito"},{"id":"34","name":"Jos\u00e9 pai de Jesus"},{"id":"62","name":"Jo\u00e1s"},{"id":"64","name":"Manass\u00e9s"},{"id":"35","name":"Maria m\u00e3e de Jesus"},{"id":"32","name":"Metusal\u00e9m"},{"id":"28","name":"No\u00e9"},{"id":"51","name":"Pedro"},{"id":"46","name":"Robo\u00e3o"},{"id":"45","name":"Salom\u00e3o"},{"id":"25","name":"Sans\u00e3o"},{"id":"56","name":"Saul"},{"id":"29","name":"Sem"},{"id":"57","name":"Zacarias"},{"id":"65","name":"Jeft\u00e9"}]},{"id":"8","question":"Presenciou algum milagre?","people":[{"id":"1","name":"Abra\u00e3o"},{"id":"21","name":"Sara"},{"id":"16","name":"Gabriel"},{"id":"11","name":"Daniel"},{"id":"7","name":"Ana"},{"id":"6","name":"Samuel"},{"id":"8","name":"Elcana"},{"id":"22","name":"Mois\u00e9s"},{"id":"15","name":"Miguel"},{"id":"24","name":"Jonas"},{"id":"18","name":"Ad\u00e3o"},{"id":"3","name":"Agar"},{"id":"20","name":"Azarias"},{"id":"44","name":"Cor\u00e1"},{"id":"30","name":"C\u00e3"},{"id":"9","name":"Davi"},{"id":"27","name":"D\u00e9bora"},{"id":"5","name":"Eva"},{"id":"42","name":"Gide\u00e3o"},{"id":"19","name":"Golias"},{"id":"41","name":"Jac\u00f3 \/ Israel"},{"id":"43","name":"Herodes \u00c2ntipas"},{"id":"65","name":"Jeft\u00e9"},{"id":"31","name":"Jaf\u00e9"},{"id":"47","name":"Jerobo\u00e3o"},{"id":"49","name":"Jezabel"},{"id":"48","name":"Acabe"},{"id":"33","name":"Jos\u00e9 do Egito"},{"id":"34","name":"Jos\u00e9 pai de Jesus"},{"id":"52","name":"Jo\u00e3o Ap\u00f3stolo"},{"id":"58","name":"Jo\u00e3o Batista"},{"id":"54","name":"Judas Iscariotes"},{"id":"37","name":"L\u00e1zaro"},{"id":"36","name":"Maria Madalena"},{"id":"39","name":"Maria irm\u00e3 de L\u00e1zaro"},{"id":"35","name":"Maria m\u00e3e de Jesus"},{"id":"38","name":"Marta irm\u00e3 de L\u00e1zaro"},{"id":"12","name":"Misael"},{"id":"28","name":"No\u00e9"},{"id":"17","name":"Paulo"},{"id":"51","name":"Pedro"},{"id":"25","name":"Sans\u00e3o"},{"id":"56","name":"Saul"},{"id":"29","name":"Sem"},{"id":"57","name":"Zacarias"},{"id":"50","name":"Dorcas"}]},{"id":"9","question":"Tinha algum filho ou filha?","people":[{"id":"1","name":"Abra\u00e3o"},{"id":"10","name":"Absal\u00e3o"},{"id":"18","name":"Ad\u00e3o"},{"id":"3","name":"Agar"},{"id":"7","name":"Ana"},{"id":"20","name":"Azarias"},{"id":"9","name":"Davi"},{"id":"8","name":"Elcana"},{"id":"5","name":"Eva"},{"id":"22","name":"Mois\u00e9s"},{"id":"6","name":"Samuel"},{"id":"21","name":"Sara"},{"id":"48","name":"Acabe"},{"id":"30","name":"C\u00e3"},{"id":"40","name":"Esa\u00fa \/ Edom"},{"id":"41","name":"Jac\u00f3 \/ Israel"},{"id":"65","name":"Jeft\u00e9"},{"id":"31","name":"Jaf\u00e9"},{"id":"49","name":"Jezabel"},{"id":"47","name":"Jerobo\u00e3o"},{"id":"33","name":"Jos\u00e9 do Egito"},{"id":"34","name":"Jos\u00e9 pai de Jesus"},{"id":"63","name":"Josias"},{"id":"64","name":"Manass\u00e9s"},{"id":"32","name":"Metusal\u00e9m"},{"id":"28","name":"No\u00e9"},{"id":"46","name":"Robo\u00e3o"},{"id":"45","name":"Salom\u00e3o"},{"id":"56","name":"Saul"},{"id":"29","name":"Sem"},{"id":"57","name":"Zacarias"}]},{"id":"10","question":"Foi profeta ou profetisa?","people":[{"id":"24","name":"Jonas"},{"id":"11","name":"Daniel"},{"id":"27","name":"D\u00e9bora"},{"id":"22","name":"Mois\u00e9s"},{"id":"6","name":"Samuel"}]},{"id":"11","question":"Falou com um anjo?","people":[{"id":"11","name":"Daniel"},{"id":"16","name":"Gabriel"},{"id":"15","name":"Miguel"},{"id":"1","name":"Abra\u00e3o"},{"id":"21","name":"Sara"},{"id":"18","name":"Ad\u00e3o"},{"id":"20","name":"Azarias"},{"id":"3","name":"Agar"},{"id":"5","name":"Eva"},{"id":"24","name":"Jonas"},{"id":"6","name":"Samuel"},{"id":"22","name":"Mois\u00e9s"},{"id":"12","name":"Misael"},{"id":"27","name":"D\u00e9bora"},{"id":"42","name":"Gide\u00e3o"},{"id":"41","name":"Jac\u00f3 \/ Israel"},{"id":"65","name":"Jeft\u00e9"},{"id":"52","name":"Jo\u00e3o Ap\u00f3stolo"},{"id":"35","name":"Maria m\u00e3e de Jesus"},{"id":"17","name":"Paulo"},{"id":"51","name":"Pedro"},{"id":"57","name":"Zacarias"}]},{"id":"12","question":"Correu risco de morte e sobreviveu?","people":[{"id":"17","name":"Paulo"},{"id":"24","name":"Jonas"},{"id":"22","name":"Mois\u00e9s"},{"id":"11","name":"Daniel"},{"id":"12","name":"Misael"},{"id":"20","name":"Azarias"},{"id":"3","name":"Agar"},{"id":"23","name":"Mefibosete"},{"id":"1","name":"Abra\u00e3o"},{"id":"59","name":"Barnab\u00e9"},{"id":"9","name":"Davi"},{"id":"42","name":"Gide\u00e3o"},{"id":"41","name":"Jac\u00f3 \/ Israel"},{"id":"26","name":"Jael"},{"id":"65","name":"Jeft\u00e9"},{"id":"31","name":"Jaf\u00e9"},{"id":"47","name":"Jerobo\u00e3o"},{"id":"33","name":"Jos\u00e9 do Egito"},{"id":"34","name":"Jos\u00e9 pai de Jesus"},{"id":"52","name":"Jo\u00e3o Ap\u00f3stolo"},{"id":"28","name":"No\u00e9"},{"id":"51","name":"Pedro"},{"id":"25","name":"Sans\u00e3o"},{"id":"29","name":"Sem"}]},{"id":"13","question":"Lutou contra os inimigos de Jeov\u00e1?","people":[{"id":"1","name":"Abra\u00e3o"},{"id":"44","name":"Cor\u00e1"},{"id":"30","name":"C\u00e3"},{"id":"9","name":"Davi"},{"id":"8","name":"Elcana"},{"id":"16","name":"Gabriel"},{"id":"42","name":"Gide\u00e3o"},{"id":"41","name":"Jac\u00f3 \/ Israel"},{"id":"65","name":"Jeft\u00e9"},{"id":"63","name":"Josias"},{"id":"15","name":"Miguel"},{"id":"22","name":"Mois\u00e9s"},{"id":"46","name":"Robo\u00e3o"},{"id":"25","name":"Sans\u00e3o"}]},{"id":"14","question":"Foi um traidor?","people":[{"id":"10","name":"Absal\u00e3o"},{"id":"48","name":"Acabe"},{"id":"18","name":"Ad\u00e3o"},{"id":"44","name":"Cor\u00e1"},{"id":"30","name":"C\u00e3"},{"id":"55","name":"Dalila"},{"id":"40","name":"Esa\u00fa \/ Edom"},{"id":"26","name":"Jael"},{"id":"49","name":"Jezabel"},{"id":"33","name":"Jos\u00e9 do Egito"},{"id":"54","name":"Judas Iscariotes"}]},{"id":"15","question":"Foi um rei ou rainha?","people":[]},{"id":"16","question":"\u00c9 um dos 12 Ju\u00edzes?","people":[]},{"id":"17","question":"Foi um dos 12 Ap\u00f3stolos?","people":[]},{"id":"18","question":"Foi mission\u00e1rio?","people":[]},{"id":"19","question":"Foi Sacerdote ou Sumo Sacerdote?","people":[]},{"id":"20","question":"Foi Nazireu?","people":[]},{"id":"21","question":"Conheceu Jesus pessoalmente?","people":[]},{"id":"22","question":"Sofreu uma grande decep\u00e7\u00e3o ou derrota?","people":[]},{"id":"23","question":"Presenciou uma das 9 ressurrei\u00e7\u00f5es?","people":[]},{"id":"24","question":"Tinha algum problema f\u00edsico ou doen\u00e7a cr\u00f4nica?","people":[]},{"id":"25","question":"Seu nome se tornou uma das tribos de Israel?","people":[]},{"id":"26","question":"Largou tudo para salvar a vida?","people":[]},{"id":"27","question":"Essa pessoa foi mencionada por Paulo em suas cartas?","people":[]},{"id":"28","question":"At\u00e9 onde se saber, morreu como inimigo de Jeov\u00e1?","people":[]},{"id":"29","question":"A B\u00edblia fala pouco sobre essa pessoa?","people":[]},{"id":"30","question":"Escreveu algum livro da B\u00edblia?","people":[]},{"id":"31","question":"Tem algum livro da B\u00edblia com seu nome?","people":[]},{"id":"32","question":"Contou alguma mentira que n\u00e3o foi considerada errada?","people":[]},{"id":"33","question":"Fez algo impressionante mesmo sendo de idade avan\u00e7ada?","people":[]}]