[{"id":"1","name":"Abra\u00e3o pai de Isaque"},{"id":"3","name":"Agar concumbina de Abra\u00e3o"},{"id":"5","name":"Eva"},{"id":"6","name":"Samuel, Profeta"},{"id":"7","name":"Ana esposa de Elcana"},{"id":"8","name":"Elcana marido de Ana"},{"id":"9","name":"Davi, Rei"},{"id":"10","name":"Absal\u00e3o filho de Davi"},{"id":"11","name":"Daniel \/ Beltessazar"},{"id":"12","name":"Misael \/ Mesaque"},{"id":"15","name":"Miguel, Arcanjo"},{"id":"16","name":"Gabriel, Anjo"},{"id":"17","name":"Paulo, Ap\u00f3stolo"},{"id":"18","name":"Ad\u00e3o"},{"id":"19","name":"Golias"},{"id":"21","name":"Sara esposa de Abra\u00e3o"},{"id":"22","name":"Mois\u00e9s, L\u00edder de Israel"},{"id":"23","name":"Mefibosete, filho de Jonat\u00e3"},{"id":"24","name":"Jonas, Profeta"},{"id":"25","name":"Sans\u00e3o, Ju\u00edz"},{"id":"26","name":"Jael esposa de H\u00e9ber"},{"id":"27","name":"D\u00e9bora, Profetisa"},{"id":"28","name":"No\u00e9, Profeta"},{"id":"29","name":"Sem filho de No\u00e9"},{"id":"30","name":"C\u00e3 filho de No\u00e9"},{"id":"31","name":"Jaf\u00e9 filho de No\u00e9"},{"id":"32","name":"Metusal\u00e9m filho de Enoque"},{"id":"33","name":"Jos\u00e9 do Egito"},{"id":"34","name":"Jos\u00e9 pai de Jesus"},{"id":"35","name":"Maria m\u00e3e de Jesus"},{"id":"36","name":"Maria Madalena"},{"id":"37","name":"L\u00e1zaro amigo de Jesus"},{"id":"38","name":"Marta irm\u00e3 de L\u00e1zaro"},{"id":"39","name":"Maria irm\u00e3 de L\u00e1zaro"},{"id":"40","name":"Esa\u00fa \/ Edom"},{"id":"41","name":"Jac\u00f3 \/ Israel"},{"id":"42","name":"Gide\u00e3o, Ju\u00edz"},{"id":"43","name":"Herodes \u00c2ntipas, Governador"},{"id":"44","name":"Cor\u00e1, Levita"},{"id":"45","name":"Salom\u00e3o, Rei"},{"id":"46","name":"Robo\u00e3o, rei"},{"id":"47","name":"Jerobo\u00e3o, Rei"},{"id":"48","name":"Acabe, Rei"},{"id":"49","name":"Jezabel, Rainha"},{"id":"50","name":"Dorcas \/ Tabita"},{"id":"51","name":"Pedro, Ap\u00f3stolo"},{"id":"52","name":"Jo\u00e3o, Ap\u00f3stolo"},{"id":"54","name":"Judas Iscariotes"},{"id":"55","name":"Dalila de Sans\u00e3o"},{"id":"56","name":"Saul, Rei"},{"id":"57","name":"Zacarias pai de Jo\u00e3o Batista"},{"id":"58","name":"Jo\u00e3o Batista"},{"id":"59","name":"Barnab\u00e9 amigo de Paulo"},{"id":"60","name":"Lucas, disc\u00edpulo"},{"id":"61","name":"Sulamita, Camponesa"},{"id":"62","name":"Jeo\u00e1s \/ Jo\u00e1s, Rei"},{"id":"63","name":"Josias, Rei"},{"id":"64","name":"Manass\u00e9s filho de Jos\u00e9"},{"id":"65","name":"Jeft\u00e9, Juiz"},{"id":"66","name":"Rubem filho de Jac\u00f3"},{"id":"67","name":"Sime\u00e3o filho de Jac\u00f3"},{"id":"68","name":"Levi filho de Jac\u00f3"},{"id":"69","name":"Jud\u00e1 filho de Jac\u00f3"},{"id":"70","name":"D\u00e3 filho de Jac\u00f3"},{"id":"71","name":"Naftali filho de Jac\u00f3"},{"id":"72","name":"Gade filho de Jac\u00f3"},{"id":"73","name":"Aser filho de Jac\u00f3"},{"id":"74","name":"Issacar filho de Jac\u00f3"},{"id":"75","name":"Zebul\u00e3o filho de Jac\u00f3"},{"id":"76","name":"Benjamim filho de Jac\u00f3"},{"id":"77","name":"Sangar, Ju\u00edz"},{"id":"78","name":"Tola, Ju\u00edz"},{"id":"79","name":"Ezequiel, Profeta"},{"id":"80","name":"Judas Tadeu"},{"id":"82","name":"Mateus, Ap\u00f3stolo"},{"id":"83","name":"Tom\u00e9, Ap\u00f3stolo"},{"id":"84","name":"Natanael, Ap\u00f3stolo"},{"id":"85","name":"Andr\u00e9, Ap\u00f3stolo"},{"id":"86","name":"Matias, Ap\u00f3stolo"},{"id":"87","name":"Raquel esposa de jac\u00f3"},{"id":"88","name":"L\u00e9ia esposa de Jac\u00f3"},{"id":"89","name":"Raabe de Jeric\u00f3"},{"id":"90","name":"Calebe amigo de Josu\u00e9"},{"id":"91","name":"Ar\u00e3o irm\u00e3o de Mois\u00e9s"},{"id":"92","name":"Miri\u00e3 irm\u00e3 de Mois\u00e9s"},{"id":"93","name":"Hulda, Profetisa"},{"id":"94","name":"Bala\u00e3o"},{"id":"95","name":"Isa\u00edas, Profeta"},{"id":"96","name":"Caim filho de Ad\u00e3o"},{"id":"97","name":"Abel filho de Ad\u00e3o"},{"id":"98","name":"Hananias \/ Sadraque"},{"id":"99","name":"Azarias \/ Abednego"},{"id":"100","name":"Efraim filho de Jos\u00e9"},{"id":"101","name":"Enoque, Profeta"}]