[{"id":"4","question":"Mudou de cidade ou de pa\u00eds?","people":[{"id":"1","name":"Abra\u00e3o pai de Isaque"},{"id":"3","name":"Agar concumbina de Abra\u00e3o"},{"id":"12","name":"Misael \/ Mesaque"},{"id":"6","name":"Samuel, Profeta"},{"id":"21","name":"Sara esposa de Abra\u00e3o"},{"id":"11","name":"Daniel \/ Beltessazar"},{"id":"22","name":"Mois\u00e9s, L\u00edder de Israel"},{"id":"59","name":"Barnab\u00e9 amigo de Paulo"},{"id":"44","name":"Cor\u00e1, Levita"},{"id":"30","name":"C\u00e3 filho de No\u00e9"},{"id":"9","name":"Davi, Rei"},{"id":"41","name":"Jac\u00f3 \/ Israel"},{"id":"31","name":"Jaf\u00e9 filho de No\u00e9"},{"id":"24","name":"Jonas, Profeta"},{"id":"33","name":"Jos\u00e9 do Egito"},{"id":"35","name":"Maria m\u00e3e de Jesus"},{"id":"28","name":"No\u00e9, Profeta"},{"id":"17","name":"Paulo, Ap\u00f3stolo"},{"id":"25","name":"Sans\u00e3o, Ju\u00edz"},{"id":"29","name":"Sem filho de No\u00e9"}]},{"id":"5","question":"Foi um Patriarca?","people":[{"id":"1","name":"Abra\u00e3o pai de Isaque"},{"id":"18","name":"Ad\u00e3o"},{"id":"22","name":"Mois\u00e9s, L\u00edder de Israel"},{"id":"30","name":"C\u00e3 filho de No\u00e9"},{"id":"40","name":"Esa\u00fa \/ Edom"},{"id":"41","name":"Jac\u00f3 \/ Israel"},{"id":"31","name":"Jaf\u00e9 filho de No\u00e9"},{"id":"33","name":"Jos\u00e9 do Egito"},{"id":"28","name":"No\u00e9, Profeta"},{"id":"29","name":"Sem filho de No\u00e9"}]},{"id":"6","question":"Cometeu um pecado grave mas se arrependeu e mudou?","people":[{"id":"5","name":"Eva"},{"id":"18","name":"Ad\u00e3o"},{"id":"10","name":"Absal\u00e3o filho de Davi"},{"id":"9","name":"Davi, Rei"},{"id":"48","name":"Acabe, Rei"},{"id":"44","name":"Cor\u00e1, Levita"},{"id":"30","name":"C\u00e3 filho de No\u00e9"},{"id":"40","name":"Esa\u00fa \/ Edom"},{"id":"43","name":"Herodes \u00c2ntipas, Governador"},{"id":"47","name":"Jerobo\u00e3o, Rei"},{"id":"49","name":"Jezabel, Rainha"},{"id":"54","name":"Judas Iscariotes"},{"id":"64","name":"Manass\u00e9s filho de Jos\u00e9"},{"id":"22","name":"Mois\u00e9s, L\u00edder de Israel"},{"id":"51","name":"Pedro, Ap\u00f3stolo"},{"id":"46","name":"Robo\u00e3o, rei"},{"id":"45","name":"Salom\u00e3o, Rei"},{"id":"25","name":"Sans\u00e3o, Ju\u00edz"},{"id":"56","name":"Saul, Rei"}]},{"id":"7","question":"Casou?","people":[{"id":"1","name":"Abra\u00e3o pai de Isaque"},{"id":"10","name":"Absal\u00e3o filho de Davi"},{"id":"18","name":"Ad\u00e3o"},{"id":"3","name":"Agar concumbina de Abra\u00e3o"},{"id":"7","name":"Ana esposa de Elcana"},{"id":"11","name":"Daniel \/ Beltessazar"},{"id":"9","name":"Davi, Rei"},{"id":"8","name":"Elcana marido de Ana"},{"id":"5","name":"Eva"},{"id":"6","name":"Samuel, Profeta"},{"id":"21","name":"Sara esposa de Abra\u00e3o"},{"id":"22","name":"Mois\u00e9s, L\u00edder de Israel"},{"id":"23","name":"Mefibosete, filho de Jonat\u00e3"},{"id":"48","name":"Acabe, Rei"},{"id":"59","name":"Barnab\u00e9 amigo de Paulo"},{"id":"44","name":"Cor\u00e1, Levita"},{"id":"30","name":"C\u00e3 filho de No\u00e9"},{"id":"40","name":"Esa\u00fa \/ Edom"},{"id":"42","name":"Gide\u00e3o, Ju\u00edz"},{"id":"43","name":"Herodes \u00c2ntipas, Governador"},{"id":"41","name":"Jac\u00f3 \/ Israel"},{"id":"31","name":"Jaf\u00e9 filho de No\u00e9"},{"id":"49","name":"Jezabel, Rainha"},{"id":"47","name":"Jerobo\u00e3o, Rei"},{"id":"63","name":"Josias, Rei"},{"id":"33","name":"Jos\u00e9 do Egito"},{"id":"34","name":"Jos\u00e9 pai de Jesus"},{"id":"62","name":"Jeo\u00e1s \/ Jo\u00e1s, Rei"},{"id":"64","name":"Manass\u00e9s filho de Jos\u00e9"},{"id":"35","name":"Maria m\u00e3e de Jesus"},{"id":"32","name":"Metusal\u00e9m filho de Enoque"},{"id":"28","name":"No\u00e9, Profeta"},{"id":"51","name":"Pedro, Ap\u00f3stolo"},{"id":"46","name":"Robo\u00e3o, rei"},{"id":"45","name":"Salom\u00e3o, Rei"},{"id":"25","name":"Sans\u00e3o, Ju\u00edz"},{"id":"56","name":"Saul, Rei"},{"id":"29","name":"Sem filho de No\u00e9"},{"id":"57","name":"Zacarias pai de Jo\u00e3o Batista"},{"id":"65","name":"Jeft\u00e9, Juiz"},{"id":"101","name":"Enoque, Profeta"}]},{"id":"8","question":"Presenciou algum milagre?","people":[{"id":"1","name":"Abra\u00e3o pai de Isaque"},{"id":"21","name":"Sara esposa de Abra\u00e3o"},{"id":"16","name":"Gabriel, Anjo"},{"id":"11","name":"Daniel \/ Beltessazar"},{"id":"7","name":"Ana esposa de Elcana"},{"id":"6","name":"Samuel, Profeta"},{"id":"8","name":"Elcana marido de Ana"},{"id":"22","name":"Mois\u00e9s, L\u00edder de Israel"},{"id":"15","name":"Miguel, Arcanjo"},{"id":"24","name":"Jonas, Profeta"},{"id":"18","name":"Ad\u00e3o"},{"id":"3","name":"Agar concumbina de Abra\u00e3o"},{"id":"44","name":"Cor\u00e1, Levita"},{"id":"30","name":"C\u00e3 filho de No\u00e9"},{"id":"9","name":"Davi, Rei"},{"id":"27","name":"D\u00e9bora, Profetisa"},{"id":"5","name":"Eva"},{"id":"42","name":"Gide\u00e3o, Ju\u00edz"},{"id":"19","name":"Golias"},{"id":"41","name":"Jac\u00f3 \/ Israel"},{"id":"43","name":"Herodes \u00c2ntipas, Governador"},{"id":"65","name":"Jeft\u00e9, Juiz"},{"id":"31","name":"Jaf\u00e9 filho de No\u00e9"},{"id":"47","name":"Jerobo\u00e3o, Rei"},{"id":"49","name":"Jezabel, Rainha"},{"id":"48","name":"Acabe, Rei"},{"id":"33","name":"Jos\u00e9 do Egito"},{"id":"34","name":"Jos\u00e9 pai de Jesus"},{"id":"52","name":"Jo\u00e3o, Ap\u00f3stolo"},{"id":"58","name":"Jo\u00e3o Batista"},{"id":"54","name":"Judas Iscariotes"},{"id":"37","name":"L\u00e1zaro amigo de Jesus"},{"id":"36","name":"Maria Madalena"},{"id":"39","name":"Maria irm\u00e3 de L\u00e1zaro"},{"id":"35","name":"Maria m\u00e3e de Jesus"},{"id":"38","name":"Marta irm\u00e3 de L\u00e1zaro"},{"id":"12","name":"Misael \/ Mesaque"},{"id":"28","name":"No\u00e9, Profeta"},{"id":"17","name":"Paulo, Ap\u00f3stolo"},{"id":"51","name":"Pedro, Ap\u00f3stolo"},{"id":"25","name":"Sans\u00e3o, Ju\u00edz"},{"id":"56","name":"Saul, Rei"},{"id":"29","name":"Sem filho de No\u00e9"},{"id":"57","name":"Zacarias pai de Jo\u00e3o Batista"},{"id":"50","name":"Dorcas \/ Tabita"}]},{"id":"9","question":"Tinha algum filho ou filha?","people":[{"id":"1","name":"Abra\u00e3o pai de Isaque"},{"id":"10","name":"Absal\u00e3o filho de Davi"},{"id":"18","name":"Ad\u00e3o"},{"id":"3","name":"Agar concumbina de Abra\u00e3o"},{"id":"7","name":"Ana esposa de Elcana"},{"id":"9","name":"Davi, Rei"},{"id":"8","name":"Elcana marido de Ana"},{"id":"5","name":"Eva"},{"id":"22","name":"Mois\u00e9s, L\u00edder de Israel"},{"id":"6","name":"Samuel, Profeta"},{"id":"21","name":"Sara esposa de Abra\u00e3o"},{"id":"48","name":"Acabe, Rei"},{"id":"30","name":"C\u00e3 filho de No\u00e9"},{"id":"40","name":"Esa\u00fa \/ Edom"},{"id":"41","name":"Jac\u00f3 \/ Israel"},{"id":"65","name":"Jeft\u00e9, Juiz"},{"id":"31","name":"Jaf\u00e9 filho de No\u00e9"},{"id":"49","name":"Jezabel, Rainha"},{"id":"47","name":"Jerobo\u00e3o, Rei"},{"id":"33","name":"Jos\u00e9 do Egito"},{"id":"34","name":"Jos\u00e9 pai de Jesus"},{"id":"63","name":"Josias, Rei"},{"id":"64","name":"Manass\u00e9s filho de Jos\u00e9"},{"id":"32","name":"Metusal\u00e9m filho de Enoque"},{"id":"28","name":"No\u00e9, Profeta"},{"id":"46","name":"Robo\u00e3o, rei"},{"id":"45","name":"Salom\u00e3o, Rei"},{"id":"56","name":"Saul, Rei"},{"id":"29","name":"Sem filho de No\u00e9"},{"id":"57","name":"Zacarias pai de Jo\u00e3o Batista"},{"id":"101","name":"Enoque, Profeta"}]},{"id":"10","question":"Foi profeta ou profetisa?","people":[{"id":"24","name":"Jonas, Profeta"},{"id":"11","name":"Daniel \/ Beltessazar"},{"id":"27","name":"D\u00e9bora, Profetisa"},{"id":"22","name":"Mois\u00e9s, L\u00edder de Israel"},{"id":"6","name":"Samuel, Profeta"},{"id":"101","name":"Enoque, Profeta"},{"id":"95","name":"Isa\u00edas, Profeta"},{"id":"93","name":"Hulda, Profetisa"},{"id":"79","name":"Ezequiel, Profeta"}]},{"id":"11","question":"Falou com um anjo?","people":[{"id":"11","name":"Daniel \/ Beltessazar"},{"id":"16","name":"Gabriel, Anjo"},{"id":"15","name":"Miguel, Arcanjo"},{"id":"1","name":"Abra\u00e3o pai de Isaque"},{"id":"21","name":"Sara esposa de Abra\u00e3o"},{"id":"18","name":"Ad\u00e3o"},{"id":"3","name":"Agar concumbina de Abra\u00e3o"},{"id":"5","name":"Eva"},{"id":"24","name":"Jonas, Profeta"},{"id":"6","name":"Samuel, Profeta"},{"id":"22","name":"Mois\u00e9s, L\u00edder de Israel"},{"id":"12","name":"Misael \/ Mesaque"},{"id":"27","name":"D\u00e9bora, Profetisa"},{"id":"42","name":"Gide\u00e3o, Ju\u00edz"},{"id":"41","name":"Jac\u00f3 \/ Israel"},{"id":"65","name":"Jeft\u00e9, Juiz"},{"id":"52","name":"Jo\u00e3o, Ap\u00f3stolo"},{"id":"35","name":"Maria m\u00e3e de Jesus"},{"id":"17","name":"Paulo, Ap\u00f3stolo"},{"id":"51","name":"Pedro, Ap\u00f3stolo"},{"id":"57","name":"Zacarias pai de Jo\u00e3o Batista"}]},{"id":"12","question":"Correu risco de morte e sobreviveu?","people":[{"id":"17","name":"Paulo, Ap\u00f3stolo"},{"id":"24","name":"Jonas, Profeta"},{"id":"22","name":"Mois\u00e9s, L\u00edder de Israel"},{"id":"11","name":"Daniel \/ Beltessazar"},{"id":"12","name":"Misael \/ Mesaque"},{"id":"3","name":"Agar concumbina de Abra\u00e3o"},{"id":"23","name":"Mefibosete, filho de Jonat\u00e3"},{"id":"1","name":"Abra\u00e3o pai de Isaque"},{"id":"59","name":"Barnab\u00e9 amigo de Paulo"},{"id":"9","name":"Davi, Rei"},{"id":"42","name":"Gide\u00e3o, Ju\u00edz"},{"id":"41","name":"Jac\u00f3 \/ Israel"},{"id":"26","name":"Jael esposa de H\u00e9ber"},{"id":"65","name":"Jeft\u00e9, Juiz"},{"id":"31","name":"Jaf\u00e9 filho de No\u00e9"},{"id":"47","name":"Jerobo\u00e3o, Rei"},{"id":"33","name":"Jos\u00e9 do Egito"},{"id":"34","name":"Jos\u00e9 pai de Jesus"},{"id":"52","name":"Jo\u00e3o, Ap\u00f3stolo"},{"id":"28","name":"No\u00e9, Profeta"},{"id":"51","name":"Pedro, Ap\u00f3stolo"},{"id":"25","name":"Sans\u00e3o, Ju\u00edz"},{"id":"29","name":"Sem filho de No\u00e9"}]},{"id":"13","question":"Lutou contra os inimigos de Jeov\u00e1?","people":[{"id":"1","name":"Abra\u00e3o pai de Isaque"},{"id":"44","name":"Cor\u00e1, Levita"},{"id":"30","name":"C\u00e3 filho de No\u00e9"},{"id":"9","name":"Davi, Rei"},{"id":"8","name":"Elcana marido de Ana"},{"id":"16","name":"Gabriel, Anjo"},{"id":"42","name":"Gide\u00e3o, Ju\u00edz"},{"id":"41","name":"Jac\u00f3 \/ Israel"},{"id":"65","name":"Jeft\u00e9, Juiz"},{"id":"63","name":"Josias, Rei"},{"id":"15","name":"Miguel, Arcanjo"},{"id":"22","name":"Mois\u00e9s, L\u00edder de Israel"},{"id":"46","name":"Robo\u00e3o, rei"},{"id":"25","name":"Sans\u00e3o, Ju\u00edz"}]},{"id":"14","question":"Foi um traidor?","people":[{"id":"10","name":"Absal\u00e3o filho de Davi"},{"id":"48","name":"Acabe, Rei"},{"id":"18","name":"Ad\u00e3o"},{"id":"44","name":"Cor\u00e1, Levita"},{"id":"30","name":"C\u00e3 filho de No\u00e9"},{"id":"55","name":"Dalila de Sans\u00e3o"},{"id":"40","name":"Esa\u00fa \/ Edom"},{"id":"26","name":"Jael esposa de H\u00e9ber"},{"id":"49","name":"Jezabel, Rainha"},{"id":"33","name":"Jos\u00e9 do Egito"},{"id":"54","name":"Judas Iscariotes"}]},{"id":"15","question":"Foi um rei ou rainha?","people":[]},{"id":"16","question":"Foi um dos 12 Ju\u00edzes?","people":[]},{"id":"17","question":"Foi um dos 12 Ap\u00f3stolos?","people":[]},{"id":"18","question":"Foi mission\u00e1rio?","people":[]},{"id":"19","question":"Foi Sacerdote ou Sumo Sacerdote?","people":[]},{"id":"20","question":"Foi Nazireu?","people":[]},{"id":"21","question":"Conheceu Jesus pessoalmente?","people":[]},{"id":"22","question":"Sofreu uma grande decep\u00e7\u00e3o ou derrota?","people":[]},{"id":"23","question":"Presenciou uma das 9 ressurrei\u00e7\u00f5es?","people":[]},{"id":"24","question":"Tinha algum problema f\u00edsico ou doen\u00e7a cr\u00f4nica?","people":[]},{"id":"25","question":"Seu nome se tornou uma das tribos de Israel?","people":[]},{"id":"26","question":"Largou tudo para salvar a vida?","people":[]},{"id":"27","question":"Essa pessoa foi mencionada por Paulo em suas cartas?","people":[]},{"id":"28","question":"At\u00e9 onde se sabe morreu como inimigo de Jeov\u00e1?","people":[]},{"id":"29","question":"A B\u00edblia fala pouco sobre essa pessoa?","people":[{"id":"101","name":"Enoque, Profeta"}]},{"id":"30","question":"Escreveu algum livro da B\u00edblia?","people":[]},{"id":"31","question":"Tem algum livro da B\u00edblia com seu nome?","people":[]},{"id":"32","question":"Contou alguma mentira que n\u00e3o foi considerada errada?","people":[]},{"id":"33","question":"Fez algo impressionante mesmo sendo de idade avan\u00e7ada?","people":[]},{"id":"34","question":"Dialogou com um animal?","people":[]},{"id":"35","question":"Viveu no per\u00edodo dos Ju\u00edzes de Israel?","people":[]},{"id":"36","question":"Viveu no per\u00edodo dos Reis de Israel?","people":[]},{"id":"37","question":"Viveu no per\u00edodo antes do dil\u00favio?","people":[{"id":"97","name":"Abel filho de Ad\u00e3o"},{"id":"18","name":"Ad\u00e3o"},{"id":"96","name":"Caim filho de Ad\u00e3o"},{"id":"30","name":"C\u00e3 filho de No\u00e9"},{"id":"31","name":"Jaf\u00e9 filho de No\u00e9"},{"id":"28","name":"No\u00e9, Profeta"},{"id":"29","name":"Sem filho de No\u00e9"},{"id":"101","name":"Enoque, Profeta"}]},{"id":"38","question":"Viveu ap\u00f3s o dil\u00favio mas antes de haver Ju\u00edzes em Israel?","people":[{"id":"91","name":"Ar\u00e3o irm\u00e3o de Mois\u00e9s"},{"id":"73","name":"Aser filho de Jac\u00f3"},{"id":"1","name":"Abra\u00e3o pai de Isaque"},{"id":"3","name":"Agar concumbina de Abra\u00e3o"},{"id":"94","name":"Bala\u00e3o"},{"id":"76","name":"Benjamim filho de Jac\u00f3"},{"id":"90","name":"Calebe amigo de Josu\u00e9"},{"id":"44","name":"Cor\u00e1, Levita"},{"id":"70","name":"D\u00e3 filho de Jac\u00f3"},{"id":"40","name":"Esa\u00fa \/ Edom"},{"id":"72","name":"Gade filho de Jac\u00f3"},{"id":"74","name":"Issacar filho de Jac\u00f3"},{"id":"41","name":"Jac\u00f3 \/ Israel"},{"id":"31","name":"Jaf\u00e9 filho de No\u00e9"},{"id":"33","name":"Jos\u00e9 do Egito"},{"id":"69","name":"Jud\u00e1 filho de Jac\u00f3"},{"id":"68","name":"Levi filho de Jac\u00f3"},{"id":"88","name":"L\u00e9ia esposa de Jac\u00f3"},{"id":"92","name":"Miri\u00e3 irm\u00e3 de Mois\u00e9s"},{"id":"22","name":"Mois\u00e9s, L\u00edder de Israel"},{"id":"71","name":"Naftali filho de Jac\u00f3"},{"id":"28","name":"No\u00e9, Profeta"},{"id":"89","name":"Raabe de Jeric\u00f3"},{"id":"87","name":"Raquel esposa de jac\u00f3"},{"id":"66","name":"Rubem filho de Jac\u00f3"},{"id":"21","name":"Sara esposa de Abra\u00e3o"},{"id":"29","name":"Sem filho de No\u00e9"},{"id":"75","name":"Zebul\u00e3o filho de Jac\u00f3"}]},{"id":"39","question":"Viveu ap\u00f3s o per\u00edodo em que havia reis designados por Jeov\u00e1?","people":[{"id":"85","name":"Andr\u00e9, Ap\u00f3stolo"},{"id":"50","name":"Dorcas \/ Tabita"},{"id":"43","name":"Herodes \u00c2ntipas, Governador"},{"id":"34","name":"Jos\u00e9 pai de Jesus"},{"id":"52","name":"Jo\u00e3o, Ap\u00f3stolo"},{"id":"58","name":"Jo\u00e3o Batista"},{"id":"54","name":"Judas Iscariotes"},{"id":"80","name":"Judas Tadeu"},{"id":"60","name":"Lucas, disc\u00edpulo"},{"id":"37","name":"L\u00e1zaro amigo de Jesus"},{"id":"36","name":"Maria Madalena"},{"id":"39","name":"Maria irm\u00e3 de L\u00e1zaro"},{"id":"35","name":"Maria m\u00e3e de Jesus"},{"id":"38","name":"Marta irm\u00e3 de L\u00e1zaro"},{"id":"82","name":"Mateus, Ap\u00f3stolo"},{"id":"86","name":"Matias, Ap\u00f3stolo"},{"id":"84","name":"Natanael, Ap\u00f3stolo"},{"id":"17","name":"Paulo, Ap\u00f3stolo"},{"id":"51","name":"Pedro, Ap\u00f3stolo"},{"id":"67","name":"Sime\u00e3o filho de Jac\u00f3"},{"id":"83","name":"Tom\u00e9, Ap\u00f3stolo"},{"id":"57","name":"Zacarias pai de Jo\u00e3o Batista"},{"id":"59","name":"Barnab\u00e9 amigo de Paulo"}]},{"id":"40","question":"A B\u00edblia deixa claro que essa pessoa n\u00e3o ser\u00e1 ressussitada?","people":[{"id":"18","name":"Ad\u00e3o"},{"id":"96","name":"Caim filho de Ad\u00e3o"},{"id":"54","name":"Judas Iscariotes"},{"id":"5","name":"Eva"}]},{"id":"41","question":"Cometeu um ou mais pecados graves e, at\u00e9 onde se sabe, n\u00e3o se arrependeu ou n\u00e3o mudou de atitude?","people":[{"id":"10","name":"Absal\u00e3o filho de Davi"},{"id":"48","name":"Acabe, Rei"},{"id":"18","name":"Ad\u00e3o"},{"id":"94","name":"Bala\u00e3o"},{"id":"96","name":"Caim filho de Ad\u00e3o"},{"id":"44","name":"Cor\u00e1, Levita"},{"id":"55","name":"Dalila de Sans\u00e3o"},{"id":"5","name":"Eva"},{"id":"19","name":"Golias"},{"id":"43","name":"Herodes \u00c2ntipas, Governador"},{"id":"47","name":"Jerobo\u00e3o, Rei"},{"id":"49","name":"Jezabel, Rainha"},{"id":"54","name":"Judas Iscariotes"},{"id":"46","name":"Robo\u00e3o, rei"},{"id":"45","name":"Salom\u00e3o, Rei"},{"id":"56","name":"Saul, Rei"}]}]